City_ID,City,Country,Lat,Lng,Max Temp,Humidity,Cloudiness,Wind Speed,Current Description,Date
0,Ushuaia,AR,-54.8,-68.3,277.96,81,75,8.23,light rain,2022-07-28 03:38:00
1,Tuktoyaktuk,CA,69.4541,-133.0374,282.15,81,100,5.14,overcast clouds,2022-07-28 03:41:28
2,Bilma,NE,18.6853,12.9164,301.44,58,81,3.9,broken clouds,2022-07-28 03:41:29
3,Noumea,NC,-22.2763,166.4572,299.14,99,100,3.55,overcast clouds,2022-07-28 03:36:49
4,Hun,LY,29.1268,15.9477,297.78,44,0,2.71,clear sky,2022-07-28 03:41:30
5,Sao Joao Da Barra,BR,-21.6403,-41.0511,293.34,85,0,4.74,clear sky,2022-07-28 03:41:31
6,Nikolskoye,RU,59.7035,30.7861,289.75,75,0,2.04,clear sky,2022-07-28 03:41:31
7,Jamestown,US,42.097,-79.2353,295.92,74,100,3.09,overcast clouds,2022-07-28 03:39:49
8,Cockburn Town,TC,21.4612,-71.1419,300.46,77,0,9.35,clear sky,2022-07-28 03:38:44
9,Pierre,US,44.3683,-100.351,297.62,56,20,5.66,few clouds,2022-07-28 03:41:32
10,Mahebourg,MU,-20.4081,57.7,293.85,88,40,3.09,scattered clouds,2022-07-28 03:41:32
11,Barrow,US,71.2906,-156.7887,274.16,100,100,6.17,light rain,2022-07-28 03:41:33
12,Amarante Do Maranhao,BR,-5.5667,-46.7422,294.54,60,33,0.48,scattered clouds,2022-07-28 03:41:33
13,Druzhba,UA,52.0428,33.9453,289.69,93,71,3.14,broken clouds,2022-07-28 03:41:33
14,Clyde River,CA,70.4692,-68.5914,276.28,100,100,2.57,light rain,2022-07-28 03:41:09
15,Itupiranga,BR,-5.1347,-49.3267,296.33,58,11,0.73,few clouds,2022-07-28 03:40:23
16,Asau,RO,46.4333,26.4,290.53,82,16,1.39,few clouds,2022-07-28 03:41:34
17,Lugovoy,KZ,42.9472,72.7644,302.97,26,3,3.13,clear sky,2022-07-28 03:41:34
18,Severo-Kurilsk,RU,50.6789,156.125,285.89,88,96,2.64,overcast clouds,2022-07-28 03:41:35
19,Norman Wells,CA,65.282,-126.8329,291.17,55,75,1.54,broken clouds,2022-07-28 03:41:35
20,Richards Bay,ZA,-28.783,32.0377,290.08,89,89,2.23,overcast clouds,2022-07-28 03:41:36
21,Bethel,US,41.3712,-73.414,296.35,81,0,0.0,clear sky,2022-07-28 03:37:50
22,Yelniki,RU,54.6207,43.876,294.18,76,5,2.94,clear sky,2022-07-28 03:41:36
23,Hobart,AU,-42.8794,147.3294,284.85,63,93,1.79,overcast clouds,2022-07-28 03:38:07
24,Mataura,NZ,-46.1927,168.8643,281.75,98,100,1.69,overcast clouds,2022-07-28 03:41:37
25,Paamiut,GL,61.994,-49.6678,278.92,90,59,6.97,broken clouds,2022-07-28 03:41:37
26,New Norfolk,AU,-42.7826,147.0587,284.66,70,97,1.79,overcast clouds,2022-07-28 03:41:37
27,Bengkulu,ID,-3.8004,102.2655,302.54,65,52,1.34,broken clouds,2022-07-28 03:41:38
28,Punta Arenas,CL,-53.15,-70.9167,277.21,75,20,11.83,few clouds,2022-07-28 03:37:14
29,Bluff,NZ,-46.6,168.3333,281.93,86,100,5.15,overcast clouds,2022-07-28 03:41:39
30,Bedesa,ET,8.9,40.7833,290.36,69,73,3.38,broken clouds,2022-07-28 03:41:39
31,San Quintin,MX,30.4833,-115.95,292.66,87,6,5.06,clear sky,2022-07-28 03:41:40
32,Cape Town,ZA,-33.9258,18.4232,288.36,80,0,1.03,clear sky,2022-07-28 03:37:06
33,Port Alfred,ZA,-33.5906,26.891,290.81,82,89,8.99,overcast clouds,2022-07-28 03:41:40
34,Longyearbyen,SJ,78.2186,15.6401,279.06,81,75,8.23,broken clouds,2022-07-28 03:41:41
35,Albany,US,42.6001,-73.9662,294.11,80,94,0.83,overcast clouds,2022-07-28 03:41:41
36,Carrboro,US,35.9101,-79.0753,298.66,95,79,2.24,broken clouds,2022-07-28 03:37:10
37,Esso,RU,55.9333,158.7,290.6,59,96,3.29,light rain,2022-07-28 03:41:42
38,Mayumba,GA,-3.432,10.6554,293.36,89,31,0.76,scattered clouds,2022-07-28 03:41:42
39,Talnakh,RU,69.4865,88.3972,287.71,60,91,5.79,overcast clouds,2022-07-28 03:41:43
40,Rikitea,PF,-23.1203,-134.9692,296.5,67,100,7.98,overcast clouds,2022-07-28 03:41:43
41,Tres Palos,MX,18.1833,-101.6167,295.49,95,100,0.85,overcast clouds,2022-07-28 03:41:44
42,Udala,ES,43.0778,-2.5125,287.67,96,51,0.11,broken clouds,2022-07-28 03:41:44
43,Bell Ville,AR,-32.6259,-62.6887,284.08,81,100,8.14,overcast clouds,2022-07-28 03:41:45
44,Marawi,PH,7.9986,124.2928,299.28,79,80,1.26,broken clouds,2022-07-28 03:41:45
45,Vaini,TO,-21.2,-175.2,299.24,83,20,4.63,few clouds,2022-07-28 03:41:45
46,Panzhihua,CN,26.5851,101.7128,301.54,61,49,0.81,scattered clouds,2022-07-28 03:41:46
47,Castro,BR,-24.7911,-50.0119,286.78,80,90,1.23,overcast clouds,2022-07-28 03:42:46
48,Chokurdakh,RU,70.6333,147.9167,289.83,33,88,6.49,overcast clouds,2022-07-28 03:42:47
49,Saint Anthony,US,45.0205,-93.218,295.68,53,0,5.66,clear sky,2022-07-28 03:41:08
50,Hilo,US,19.7297,-155.09,302.19,77,40,4.12,scattered clouds,2022-07-28 03:42:47
51,Pendencias,BR,-5.26,-36.7222,296.26,70,76,4.22,broken clouds,2022-07-28 03:42:48
52,Busselton,AU,-33.65,115.3333,291.21,68,27,5.61,scattered clouds,2022-07-28 03:42:48
53,Saint George,US,37.1041,-113.5841,296.28,78,40,3.6,scattered clouds,2022-07-28 03:42:49
54,Kodiak,US,57.79,-152.4072,286.88,62,0,3.6,clear sky,2022-07-28 03:42:40
55,Atuona,PF,-9.8,-139.0333,298.5,73,21,10.8,light rain,2022-07-28 03:42:49
56,Terrace Bay,CA,48.7834,-87.1,281.33,98,94,2.62,overcast clouds,2022-07-28 03:42:49
57,Souillac,MU,-20.5167,57.5167,293.36,88,40,3.09,light rain,2022-07-28 03:42:50
58,Dikson,RU,73.5069,80.5464,277.9,94,61,6.03,broken clouds,2022-07-28 03:42:50
59,Saint-Philippe,RE,-21.3585,55.7679,292.92,85,38,4.52,light rain,2022-07-28 03:42:51
60,Pevek,RU,69.7008,170.3133,275.56,86,96,2.68,overcast clouds,2022-07-28 03:42:51
61,Bredasdorp,ZA,-34.5322,20.0403,281.92,91,0,2.55,clear sky,2022-07-28 03:42:51
62,Chicama,PE,-7.8447,-79.1469,287.45,86,39,2.92,scattered clouds,2022-07-28 03:42:52
63,Chuy,UY,-33.6971,-53.4616,288.87,97,100,3.09,light rain,2022-07-28 03:42:42
64,Gusau,NG,12.1628,6.6614,296.71,85,100,2.29,light rain,2022-07-28 03:42:52
65,Torbay,CA,47.6666,-52.7314,290.14,92,100,8.75,mist,2022-07-28 03:42:53
66,Mar Del Plata,AR,-38.0023,-57.5575,283.76,57,100,7.15,overcast clouds,2022-07-28 03:42:25
67,Kongolo,CD,-5.3833,27.0,295.36,51,5,1.02,clear sky,2022-07-28 03:42:53
68,Ulladulla,AU,-35.35,150.4667,288.3,60,37,3.54,scattered clouds,2022-07-28 03:42:54
69,Kapaa,US,22.0752,-159.319,302.14,73,20,7.2,light rain,2022-07-28 03:41:01
70,Sao Felix Do Xingu,BR,-6.6447,-51.995,293.88,59,25,1.16,scattered clouds,2022-07-28 03:42:54
71,Tocopilla,CL,-22.092,-70.1979,289.32,73,94,4.46,overcast clouds,2022-07-28 03:42:55
72,Carnarvon,AU,-24.8667,113.6333,296.85,47,100,1.86,light rain,2022-07-28 03:42:55
73,Finnsnes,NO,69.2296,17.9811,282.49,88,100,1.35,light rain,2022-07-28 03:42:56
74,Cherskiy,RU,68.75,161.3,286.1,47,99,2.75,overcast clouds,2022-07-28 03:42:56
75,Svetlaya,RU,46.5389,138.3297,293.94,80,39,3.69,light rain,2022-07-28 03:42:56
76,Sangar,RU,63.9242,127.4739,300.96,47,5,0.69,clear sky,2022-07-28 03:42:57
77,Sao Filipe,CV,14.8961,-24.4956,298.85,88,92,1.78,overcast clouds,2022-07-28 03:42:57
78,Vao,NC,-22.6667,167.4833,294.02,67,100,3.53,overcast clouds,2022-07-28 03:42:58
79,Beloha,MG,-25.1667,45.05,287.46,80,0,2.14,clear sky,2022-07-28 03:42:59
80,Airai,TL,-8.9266,125.4092,294.82,46,13,2.43,few clouds,2022-07-28 03:42:59
81,Shizunai,JP,42.3339,142.3669,297.06,81,36,4.22,scattered clouds,2022-07-28 03:42:59
82,Ballina,AU,-28.8667,153.5667,292.6,54,0,2.2,clear sky,2022-07-28 03:43:00
83,Paicandu,BR,-23.4575,-52.0486,290.93,59,24,1.46,few clouds,2022-07-28 03:43:00
84,Arraial Do Cabo,BR,-22.9661,-42.0278,293.13,83,0,3.6,clear sky,2022-07-28 03:38:56
85,Goure,NE,13.9835,10.2704,297.05,72,97,6.71,overcast clouds,2022-07-28 03:43:01
86,Ergani,TR,38.2653,39.7621,298.7,26,0,2.59,clear sky,2022-07-28 03:43:02
87,Kaitangata,NZ,-46.2817,169.8464,280.26,93,100,3.39,overcast clouds,2022-07-28 03:43:02
88,Taoudenni,ML,22.6783,-3.9836,309.28,6,8,8.53,clear sky,2022-07-28 03:43:02
89,Butaritari,KI,3.0707,172.7902,300.84,78,11,5.6,light rain,2022-07-28 03:43:03
90,Pastavy,BY,55.1168,26.8326,284.65,90,54,2.31,broken clouds,2022-07-28 03:43:03
91,Hovd,MN,48.0056,91.6419,293.0,31,4,2.41,clear sky,2022-07-28 03:44:04
92,Upernavik,GL,72.7868,-56.1549,277.77,85,100,0.77,overcast clouds,2022-07-28 03:44:04
93,Olafsvik,IS,64.8945,-23.7142,282.0,87,100,12.24,overcast clouds,2022-07-28 03:43:57
94,Puerto Ayora,EC,-0.7393,-90.3518,294.01,96,98,4.47,overcast clouds,2022-07-28 03:40:10
95,Awbari,LY,26.5921,12.7805,298.25,16,0,2.81,clear sky,2022-07-28 03:44:05
96,Port Elizabeth,ZA,-33.918,25.5701,286.66,98,75,1.34,broken clouds,2022-07-28 03:39:40
97,Hithadhoo,MV,-0.6,73.0833,301.37,73,100,5.27,overcast clouds,2022-07-28 03:44:06
98,Anderson,US,34.5334,-82.6499,301.23,81,0,0.0,clear sky,2022-07-28 03:39:35
99,Alofi,NU,-19.0595,-169.9187,298.09,83,75,5.14,shower rain,2022-07-28 03:44:06
100,Nouadhibou,MR,20.931,-17.0347,296.14,83,4,10.8,clear sky,2022-07-28 03:44:07
101,Coahuayana,MX,18.7333,-103.6833,298.52,85,97,0.93,overcast clouds,2022-07-28 03:44:07
102,Qaqortoq,GL,60.7167,-46.0333,278.54,89,14,0.87,few clouds,2022-07-28 03:44:08
103,Ancud,CL,-41.8697,-73.8203,279.18,92,24,1.17,few clouds,2022-07-28 03:42:40
104,High Level,CA,58.5169,-117.136,299.21,53,20,2.06,few clouds,2022-07-28 03:44:08
105,Koping,SE,59.514,15.9926,284.83,75,10,1.94,clear sky,2022-07-28 03:44:09
106,East London,ZA,-33.0153,27.9116,288.67,88,0,2.06,clear sky,2022-07-28 03:40:00
107,Yellowknife,CA,62.456,-114.3525,292.44,63,75,5.36,broken clouds,2022-07-28 03:40:53
108,Kharp,RU,66.8014,65.8081,293.08,53,87,2.86,overcast clouds,2022-07-28 03:44:10
109,Lebu,CL,-37.6167,-73.65,282.36,85,21,2.14,few clouds,2022-07-28 03:44:05
110,Finspang,SE,58.7058,15.7674,284.44,80,33,1.74,scattered clouds,2022-07-28 03:44:11
111,Bandarban,BD,22.1965,92.2262,300.99,60,90,0.75,overcast clouds,2022-07-28 03:44:11
112,Cefalu,IT,38.0386,14.0229,300.67,72,0,0.45,clear sky,2022-07-28 03:44:12
113,Yar-Sale,RU,66.8333,70.8333,292.15,55,83,5.27,broken clouds,2022-07-28 03:44:12
114,Chinhoyi,ZW,-17.3667,30.2,283.76,80,0,1.77,clear sky,2022-07-28 03:44:15
115,Ypsonas,CY,34.6884,32.9574,302.19,44,0,1.54,clear sky,2022-07-28 03:44:15
116,Guanambi,BR,-14.2233,-42.7814,291.26,56,0,3.96,clear sky,2022-07-28 03:44:15
117,Codrington,AU,-38.2667,141.9667,282.53,89,100,3.14,overcast clouds,2022-07-28 03:44:16
118,Gilbues,BR,-9.8317,-45.3439,291.98,46,0,2.28,clear sky,2022-07-28 03:44:16
119,Stokmarknes,NO,68.5646,14.9108,282.14,87,75,2.06,broken clouds,2022-07-28 03:44:17
120,Katsuura,JP,35.1333,140.3,301.71,78,56,5.21,broken clouds,2022-07-28 03:44:17
121,Isangel,VU,-19.55,169.2667,296.21,94,100,1.03,overcast clouds,2022-07-28 03:44:18
122,Mehamn,NO,71.0357,27.8492,283.12,93,75,9.26,light rain,2022-07-28 03:44:18
123,Henties Bay,NA,-22.116,14.2845,284.59,84,1,0.55,clear sky,2022-07-28 03:44:19
124,Tevaitoa,PF,-16.7833,-151.5,299.05,76,13,11.91,light rain,2022-07-28 03:44:19
125,Kwekwe,ZW,-18.9281,29.8149,280.22,74,0,2.6,clear sky,2022-07-28 03:44:20
126,Vestmannaeyjar,IS,63.4427,-20.2734,284.03,74,97,7.59,overcast clouds,2022-07-28 03:44:20
127,Saldanha,ZA,-33.0117,17.9442,279.18,69,0,3.39,clear sky,2022-07-28 03:44:20
128,Biak,ID,-0.9131,122.8766,299.97,77,95,4.17,overcast clouds,2022-07-28 03:44:21
129,Vinh,VN,18.6667,105.6667,305.61,63,9,1.39,clear sky,2022-07-28 03:40:52
130,Rundu,NA,-17.9333,19.7667,284.12,46,30,2.58,scattered clouds,2022-07-28 03:44:22
131,Senador Canedo,BR,-16.7081,-49.0931,290.78,63,0,1.03,clear sky,2022-07-28 03:39:52
132,Arman,RU,59.7,150.1667,297.05,69,30,3.85,scattered clouds,2022-07-28 03:44:23
133,Cidreira,BR,-30.1811,-50.2056,289.32,88,100,2.15,overcast clouds,2022-07-28 03:44:24
134,Osinovo,RU,55.8809,48.881,292.2,72,20,2.21,few clouds,2022-07-28 03:45:24
135,Colac,AU,-38.3333,143.5833,283.8,93,100,2.46,light rain,2022-07-28 03:45:24
136,Teya,RU,60.3778,92.6267,291.6,65,99,0.72,overcast clouds,2022-07-28 03:45:25
137,Constitucion,CL,-35.3333,-72.4167,282.06,73,6,2.21,clear sky,2022-07-28 03:45:25
138,Geraldton,AU,-28.7667,114.6,294.38,68,40,3.6,scattered clouds,2022-07-28 03:45:25
139,San Cristobal,VE,7.7669,-72.225,293.25,94,52,0.98,broken clouds,2022-07-28 03:45:10
140,Staryy Nadym,RU,65.6118,72.6842,291.93,49,47,4.32,scattered clouds,2022-07-28 03:45:26
141,Ilulissat,GL,69.2167,-51.1,280.16,93,100,0.51,overcast clouds,2022-07-28 03:45:27
142,Panama City,PA,8.9936,-79.5197,298.31,92,75,2.06,broken clouds,2022-07-28 03:44:27
143,Nemuro,JP,43.3236,145.575,291.46,91,43,2.19,scattered clouds,2022-07-28 03:45:27
144,Basco,PH,20.4487,121.9702,302.97,76,95,6.19,overcast clouds,2022-07-28 03:45:28
145,Udimskiy,RU,61.1417,45.9144,293.18,73,14,3.43,few clouds,2022-07-28 03:45:28
146,Paramonga,PE,-10.6667,-77.8333,289.93,85,80,3.9,broken clouds,2022-07-28 03:45:29
147,Hervey Bay,AU,-25.2986,152.8535,292.43,54,3,4.16,clear sky,2022-07-28 03:45:29
148,Nhulunbuy,AU,-12.2333,136.7667,301.49,57,20,7.72,few clouds,2022-07-28 03:45:31
149,Lazaro Cardenas,MX,17.9583,-102.2,299.76,80,100,1.8,overcast clouds,2022-07-28 03:45:31
150,Saskylakh,RU,71.9167,114.0833,296.59,51,84,3.67,broken clouds,2022-07-28 03:45:32
151,Mildura,AU,-34.2,142.15,289.3,62,60,4.79,broken clouds,2022-07-28 03:45:32
152,Avarua,CK,-21.2078,-159.775,298.18,69,40,5.66,scattered clouds,2022-07-28 03:45:32
153,Baykit,RU,61.67,96.37,293.53,79,100,1.55,overcast clouds,2022-07-28 03:45:33
154,Mikkeli,FI,61.6886,27.2723,288.79,94,40,3.09,scattered clouds,2022-07-28 03:45:34
155,Victoria,HK,22.2855,114.1577,306.62,71,0,2.24,clear sky,2022-07-28 03:41:16
156,Santa Maria,BR,-29.6842,-53.8069,288.76,100,40,0.0,fog,2022-07-28 03:44:19
157,Bambous Virieux,MU,-20.3428,57.7575,293.83,88,40,3.09,scattered clouds,2022-07-28 03:45:07
158,Praya,CV,14.9215,-23.5087,299.45,83,20,0.51,few clouds,2022-07-28 03:45:35
159,Kinston,US,35.2627,-77.5816,300.51,88,0,2.06,clear sky,2022-07-28 03:45:35
160,Ukiah,US,39.1502,-123.2078,304.09,23,0,3.09,clear sky,2022-07-28 03:45:36
161,Kruisfontein,ZA,-34.0033,24.7314,284.11,91,2,2.29,clear sky,2022-07-28 03:45:36
162,Shelburne,CA,44.0787,-80.2041,293.4,86,21,3.44,few clouds,2022-07-28 03:45:36
163,Nizhnevartovsk,RU,60.9344,76.5531,291.16,77,0,3.0,clear sky,2022-07-28 03:45:37
164,Bay Roberts,CA,47.5999,-53.2648,291.11,93,10,2.24,clear sky,2022-07-28 03:45:37
165,Numazu,JP,35.1,138.8667,300.94,74,40,3.01,scattered clouds,2022-07-28 03:45:37
166,Barkot,IN,30.8167,78.2,295.69,95,100,0.79,overcast clouds,2022-07-28 03:45:38
167,Esperance,AU,-33.8667,121.9,291.94,45,2,7.24,clear sky,2022-07-28 03:45:38
168,Ribeira Grande,PT,38.5167,-28.7,295.66,83,25,4.21,scattered clouds,2022-07-28 03:45:39
169,Progreso,MX,21.2833,-89.6667,297.1,81,67,6.32,broken clouds,2022-07-28 03:45:39
170,Jenjarom,MY,2.8766,101.4988,306.23,63,26,3.61,scattered clouds,2022-07-28 03:45:39
171,Catuday,PH,16.2923,119.8062,301.94,72,99,2.37,overcast clouds,2022-07-28 03:45:40
172,Naze,JP,28.3667,129.4833,303.66,82,68,7.06,broken clouds,2022-07-28 03:45:40
173,Hermanus,ZA,-34.4187,19.2345,285.26,79,0,5.46,clear sky,2022-07-28 03:45:05
174,Ranfurly,NZ,-45.1333,170.1,279.88,90,100,2.08,overcast clouds,2022-07-28 03:45:41
175,Pangkalanbuun,ID,-2.6833,111.6167,304.2,61,86,1.87,overcast clouds,2022-07-28 03:45:41
176,Illescas,ES,40.1221,-3.847,300.47,34,0,2.7,clear sky,2022-07-28 03:45:42
177,Matara,LK,5.9485,80.5353,300.76,75,94,3.76,overcast clouds,2022-07-28 03:45:42
178,Narasannapeta,IN,18.4167,84.05,303.41,68,96,1.83,overcast clouds,2022-07-28 03:45:43
179,Manokwari,ID,-0.8667,134.0833,302.21,68,68,4.35,broken clouds,2022-07-28 03:46:43
180,Roebourne,AU,-20.7833,117.1333,299.42,36,0,8.03,clear sky,2022-07-28 03:46:43
181,Ouesso,CG,1.6136,16.0517,294.65,93,79,0.61,broken clouds,2022-07-28 03:46:44
182,Khatanga,RU,71.9667,102.5,295.59,45,94,1.83,overcast clouds,2022-07-28 03:46:44
183,Provideniya,RU,64.3833,-173.3,280.21,100,100,3.13,mist,2022-07-28 03:45:02
184,Salalah,OM,17.0151,54.0924,298.2,94,100,3.09,haze,2022-07-28 03:46:45
185,Surt,LY,31.2089,16.5887,298.76,63,0,1.56,clear sky,2022-07-28 03:46:46
186,Neka,IR,36.6508,53.299,297.88,94,100,3.09,mist,2022-07-28 03:46:46
187,Svetlyy,RU,54.675,20.1347,288.18,80,86,6.64,overcast clouds,2022-07-28 03:46:46
188,Harboore,DK,56.6175,8.1807,284.92,76,25,8.21,scattered clouds,2022-07-28 03:46:47
189,Lira,UG,2.235,32.9097,289.46,94,90,1.61,light rain,2022-07-28 03:46:48
190,Thinadhoo,MV,0.5333,72.9333,301.61,73,95,6.17,overcast clouds,2022-07-28 03:46:48
191,Shintomi,JP,32.0785,131.4723,302.77,71,27,5.03,scattered clouds,2022-07-28 03:46:49
192,Mana,GF,5.6592,-53.7767,297.47,90,96,1.77,overcast clouds,2022-07-28 03:46:49
193,Kanel,SN,15.4916,-13.1763,302.15,70,0,6.17,clear sky,2022-07-28 03:46:49
194,Manavalakurichi,IN,8.1333,77.3,300.59,75,48,4.43,scattered clouds,2022-07-28 03:46:50
195,Tiksi,RU,71.6872,128.8694,294.5,56,90,3.37,overcast clouds,2022-07-28 03:46:51
196,Natal,BR,-5.795,-35.2094,296.27,94,0,2.57,clear sky,2022-07-28 03:44:19
197,Thompson,CA,55.7435,-97.8558,288.24,88,75,1.03,broken clouds,2022-07-28 03:45:01
198,Itaituba,BR,-4.2761,-55.9836,298.76,58,66,1.06,broken clouds,2022-07-28 03:46:52
199,Komsomolskiy,UZ,40.4272,71.7189,304.55,30,4,4.12,clear sky,2022-07-28 03:46:52
200,Kazanskaya,RU,45.4106,40.4361,293.97,55,0,2.03,clear sky,2022-07-28 03:46:53
201,Amboasary,MG,-25.0333,46.3833,290.7,83,13,1.78,few clouds,2022-07-28 03:46:54
202,Nanga Eboko,CM,4.6833,12.3667,292.95,98,100,1.43,overcast clouds,2022-07-28 03:46:54
203,Padang,ID,-0.9492,100.3543,301.18,57,24,1.97,few clouds,2022-07-28 03:43:46
204,Lubbock,US,33.6001,-101.8338,306.29,22,20,4.12,few clouds,2022-07-28 03:45:29
205,Hamilton,US,39.1834,-84.5333,297.91,91,0,1.54,clear sky,2022-07-28 03:45:30
206,Tuatapere,NZ,-46.1333,167.6833,280.2,93,100,1.63,light rain,2022-07-28 03:42:47
207,Coquimbo,CL,-29.9533,-71.3436,285.0,93,75,0.51,broken clouds,2022-07-28 03:43:45
208,Fort Nelson,CA,58.8053,-122.7002,299.92,47,20,2.06,few clouds,2022-07-28 03:46:56
209,Lata,PT,40.1629,-8.3327,285.9,92,0,0.66,clear sky,2022-07-28 03:46:56
210,Skjervoy,NO,70.0311,20.9714,283.15,87,100,6.11,light rain,2022-07-28 03:46:56
211,Gizo,SB,-8.103,156.8419,302.15,70,10,3.76,clear sky,2022-07-28 03:46:57
212,Georgetown,MY,5.4112,100.3354,305.11,73,20,4.12,few clouds,2022-07-28 03:46:38
213,Sabha,LY,27.0377,14.4283,299.28,16,0,4.19,clear sky,2022-07-28 03:46:58
214,Plettenberg Bay,ZA,-34.0527,23.3716,286.25,73,0,2.66,clear sky,2022-07-28 03:46:58
215,Bandundu,CD,-3.3167,17.3667,295.8,58,78,1.66,broken clouds,2022-07-28 03:46:59
216,Santiago,CL,-33.4569,-70.6483,284.98,83,75,0.0,broken clouds,2022-07-28 03:45:58
217,Tinglev,DK,54.931,9.2524,286.34,93,98,2.06,overcast clouds,2022-07-28 03:46:59
218,Baracoa,CU,20.3467,-74.4958,299.01,84,56,5.35,broken clouds,2022-07-28 03:46:59
219,Kaeo,NZ,-35.1,173.7833,289.44,81,48,5.75,scattered clouds,2022-07-28 03:47:00
220,Pontianak,ID,-0.0333,109.3333,304.14,66,75,2.06,broken clouds,2022-07-28 03:47:00
221,Pangai,TO,-19.8,-174.35,300.21,78,20,8.23,few clouds,2022-07-28 03:48:01
222,Fare,PF,-16.7,-151.0167,298.69,77,12,11.63,light rain,2022-07-28 03:48:01
223,Polson,US,47.6936,-114.1632,298.02,53,0,2.66,clear sky,2022-07-28 03:48:02
224,Westport,US,41.1415,-73.3579,297.64,89,0,3.09,clear sky,2022-07-28 03:48:02
225,Ongole,IN,15.5,80.05,303.55,65,19,2.44,few clouds,2022-07-28 03:48:03
226,Plymouth,US,41.8334,-70.8328,295.83,75,0,0.0,clear sky,2022-07-28 03:48:03
227,Vila,PT,42.0304,-8.1588,284.64,85,4,0.45,clear sky,2022-07-28 03:48:04
228,Ponta Delgada,PT,37.7333,-25.6667,295.55,94,75,1.54,light intensity drizzle,2022-07-28 03:48:04
229,Ushtobe,KZ,45.2514,77.9838,301.5,38,97,5.52,overcast clouds,2022-07-28 03:48:05
230,Katangli,RU,51.7102,143.2326,289.25,76,64,4.56,broken clouds,2022-07-28 03:48:05
231,Chornyanka,UA,46.6522,33.359,296.63,55,3,1.62,clear sky,2022-07-28 03:48:05
232,Nanortalik,GL,60.1432,-45.2371,278.87,85,97,4.24,overcast clouds,2022-07-28 03:48:06
233,Itarema,BR,-2.9248,-39.9167,298.59,83,83,6.41,broken clouds,2022-07-28 03:45:13
234,Lompoc,US,34.6391,-120.4579,291.23,85,100,5.66,overcast clouds,2022-07-28 03:48:06
235,Palmas,BR,-10.2128,-48.3603,295.08,64,0,2.57,clear sky,2022-07-28 03:48:07
236,Aiken,US,33.5835,-81.5998,302.65,74,40,3.09,scattered clouds,2022-07-28 03:47:13
237,Andenes,NO,69.3143,16.1194,282.14,93,75,6.17,light intensity drizzle,2022-07-28 03:48:08
238,Garoua,CM,9.3,13.4,295.57,92,100,1.48,overcast clouds,2022-07-28 03:48:08
239,San Isidro,PE,-12.1167,-77.05,289.27,89,100,4.12,overcast clouds,2022-07-28 03:48:08
240,Gimbi,ET,9.1667,35.8333,285.74,99,100,0.56,moderate rain,2022-07-28 03:48:09
241,Hasaki,JP,35.7333,140.8333,309.42,78,77,7.13,broken clouds,2022-07-28 03:45:10
242,Carbonia,IT,39.1672,8.5222,296.51,74,0,2.92,clear sky,2022-07-28 03:48:09
243,Chara,RU,56.9064,118.2631,296.97,48,100,1.18,overcast clouds,2022-07-28 03:48:10
244,Karatau,KZ,43.1667,70.4667,302.8,25,33,1.81,scattered clouds,2022-07-28 03:48:10
245,Jadu,LY,31.953,12.0261,297.38,31,0,4.18,clear sky,2022-07-28 03:48:11
246,Guskhara,IN,23.5,87.75,306.75,53,100,2.69,overcast clouds,2022-07-28 03:48:11
247,Portland,US,45.5234,-122.6762,305.48,53,4,1.79,clear sky,2022-07-28 03:46:06
248,Sitka,US,57.0531,-135.33,289.09,72,100,2.57,overcast clouds,2022-07-28 03:48:12
249,Hambantota,LK,6.1241,81.1185,298.34,100,20,2.06,few clouds,2022-07-28 03:44:00
250,Port Hedland,AU,-20.3167,118.5667,301.18,36,0,6.69,clear sky,2022-07-28 03:48:13
251,Coolum Beach,AU,-26.5333,153.1,294.32,53,3,2.88,clear sky,2022-07-28 03:48:13
252,Asosa,ET,10.0667,34.5333,288.03,90,100,1.61,light rain,2022-07-28 03:48:13
253,Marasesti,RO,45.8833,27.2333,292.93,66,31,4.0,scattered clouds,2022-07-28 03:48:14
254,Solnechnyy,RU,50.7214,136.6319,300.4,57,100,2.61,overcast clouds,2022-07-28 03:45:06
255,Nome,US,64.5011,-165.4064,285.46,82,75,5.66,broken clouds,2022-07-28 03:48:02
256,Fukue,JP,32.6881,128.8419,304.35,70,40,5.14,scattered clouds,2022-07-28 03:48:14
257,Bantry,IE,51.6833,-9.45,287.47,88,100,2.5,overcast clouds,2022-07-28 03:48:16
258,Tasiilaq,GL,65.6145,-37.6368,278.24,96,92,2.47,overcast clouds,2022-07-28 03:48:16
259,Babu,CN,24.4167,111.5167,307.95,51,100,2.0,overcast clouds,2022-07-28 03:48:17
260,San Patricio,US,28.017,-97.5169,303.09,72,3,5.82,clear sky,2022-07-28 03:48:17
261,Juli,PE,-16.2167,-69.45,276.52,63,17,0.71,few clouds,2022-07-28 03:48:18
262,Arcata,US,40.8665,-124.0828,288.26,88,100,1.54,fog,2022-07-28 03:48:19
263,Anbu,CN,23.449,116.6809,307.11,62,20,1.0,few clouds,2022-07-28 03:48:19
264,Namibe,AO,-15.1961,12.1522,289.37,79,75,3.18,broken clouds,2022-07-28 03:48:20
265,Houma,US,29.5958,-90.7195,298.71,91,40,0.0,scattered clouds,2022-07-28 03:48:20
266,Waingapu,ID,-9.6567,120.2641,302.0,55,52,8.97,broken clouds,2022-07-28 03:48:21
267,New Bern,US,35.1085,-77.0441,300.93,85,64,0.45,broken clouds,2022-07-28 03:46:03
268,Camacha,PT,33.0833,-16.3333,292.83,83,40,6.17,scattered clouds,2022-07-28 03:48:22
269,Poum,NC,-20.2333,164.0167,296.22,68,85,5.83,overcast clouds,2022-07-28 03:46:53
270,Riyadh,SA,24.6877,46.7219,307.23,27,100,6.66,light rain,2022-07-28 03:49:22
271,Bagdarin,RU,54.4333,113.6,285.85,96,100,1.77,light rain,2022-07-28 03:49:23
272,Krasnoborsk,RU,61.5598,45.934,294.05,72,8,3.05,clear sky,2022-07-28 03:49:23
273,Vostok,RU,46.4856,135.8833,301.85,48,41,2.25,scattered clouds,2022-07-28 03:49:23
274,Aklavik,CA,68.2191,-135.0107,284.68,63,89,5.07,overcast clouds,2022-07-28 03:49:24
275,Ostrovnoy,RU,68.0531,39.5131,290.32,78,63,7.35,broken clouds,2022-07-28 03:47:46
276,Kavieng,PG,-2.5744,150.7967,302.57,72,25,8.12,light rain,2022-07-28 03:48:37
277,Kimbe,PG,-5.5502,150.1429,305.28,55,27,2.67,scattered clouds,2022-07-28 03:49:25
278,Mecca,SA,21.4267,39.8261,303.71,60,83,5.01,broken clouds,2022-07-28 03:49:26
279,Shache,CN,38.4167,77.2406,308.79,14,5,4.27,clear sky,2022-07-28 03:49:26
280,Axim,GH,4.8699,-2.2405,297.29,82,97,5.7,overcast clouds,2022-07-28 03:49:27
281,Likasi,CD,-10.9814,26.7333,284.3,60,54,1.84,broken clouds,2022-07-28 03:49:27
282,Minab,IR,27.1467,57.0801,304.19,71,91,1.4,overcast clouds,2022-07-28 03:49:27
283,Fairlie,GB,55.756,-4.8556,283.98,90,100,2.18,overcast clouds,2022-07-28 03:49:28
284,Yalutorovsk,RU,56.6536,66.3006,289.7,75,100,5.44,overcast clouds,2022-07-28 03:46:59
285,Ahipara,NZ,-35.1667,173.1667,287.31,83,43,6.28,scattered clouds,2022-07-28 03:49:28
286,Bradford,GB,53.7939,-1.7521,287.94,95,75,3.09,broken clouds,2022-07-28 03:49:29
287,Manoel Urbano,BR,-8.8389,-69.2597,297.11,65,14,0.85,few clouds,2022-07-28 03:49:29
288,Kuching,MY,1.55,110.3333,304.27,70,40,2.68,scattered clouds,2022-07-28 03:49:30
289,Qaanaaq,GL,77.484,-69.3632,275.64,94,45,1.07,scattered clouds,2022-07-28 03:49:31
290,Iwanai,JP,42.9744,140.5089,298.44,73,77,2.72,broken clouds,2022-07-28 03:49:31
291,Huilong,CN,31.8111,121.655,303.62,76,0,5.46,clear sky,2022-07-28 03:49:32
292,Matiri,TZ,-10.75,34.9,284.02,80,21,1.03,few clouds,2022-07-28 03:49:33
293,Korla,CN,41.7597,86.1469,308.36,11,1,2.91,clear sky,2022-07-28 03:46:38
294,Ponta Do Sol,PT,32.6667,-17.1,296.32,74,0,2.64,clear sky,2022-07-28 03:49:34
295,Srednekolymsk,RU,67.45,153.6833,287.87,40,100,4.65,overcast clouds,2022-07-28 03:49:35
296,Port Augusta,AU,-32.5,137.7667,291.14,25,23,2.5,few clouds,2022-07-28 03:49:35
297,Hirado,JP,33.3597,129.5531,301.93,73,84,3.05,broken clouds,2022-07-28 03:49:35
298,Lagoa,PT,39.05,-27.9833,294.89,81,0,3.25,clear sky,2022-07-28 03:49:36
299,Marsh Harbour,BS,26.5412,-77.0636,300.9,73,32,5.69,scattered clouds,2022-07-28 03:48:03
300,Harrisonburg,US,38.4496,-78.8689,296.8,92,0,0.0,clear sky,2022-07-28 03:49:36
301,Morehead,US,37.2711,-87.1764,299.7,92,40,1.54,scattered clouds,2022-07-28 03:49:37
302,Touros,BR,-5.1989,-35.4608,295.77,86,36,5.42,scattered clouds,2022-07-28 03:48:44
303,Pendleton,US,45.6721,-118.7886,309.28,29,92,5.36,overcast clouds,2022-07-28 03:49:37
304,Kudahuvadhoo,MV,2.6708,72.8944,301.23,73,98,6.69,overcast clouds,2022-07-28 03:49:38
305,Hefei,CN,31.8639,117.2808,306.16,79,20,3.0,few clouds,2022-07-28 03:49:38
306,Wamba,NG,8.9333,8.6,294.91,97,100,0.68,light rain,2022-07-28 03:49:39
307,Nacozari,MX,25.3366,-108.2574,302.62,75,97,1.9,overcast clouds,2022-07-28 03:49:39
308,Grand Gaube,MU,-20.0064,57.6608,293.92,76,3,1.79,clear sky,2022-07-28 03:49:40
309,Bakchar,RU,57.0186,82.0711,295.92,74,80,1.15,broken clouds,2022-07-28 03:49:40
310,Taseyevo,RU,57.2169,94.8978,294.26,53,97,3.78,overcast clouds,2022-07-28 03:49:41
311,La Libertad,EC,-2.2333,-80.9,293.96,88,100,4.63,light intensity drizzle,2022-07-28 03:49:41
312,Dingle,PH,10.9995,122.6711,304.08,70,99,4.97,overcast clouds,2022-07-28 03:49:41
313,Broken Hill,AU,-31.95,141.4333,288.85,32,6,2.55,clear sky,2022-07-28 03:49:42
314,Cedar City,US,37.6775,-113.0619,293.69,60,40,2.06,scattered clouds,2022-07-28 03:50:42
315,Manosque,FR,43.8288,5.7869,290.36,72,4,1.9,clear sky,2022-07-28 03:50:43
316,Brae,GB,60.3964,-1.353,283.84,80,61,2.97,broken clouds,2022-07-28 03:50:43
317,Vila Franca Do Campo,PT,37.7167,-25.4333,295.38,93,83,1.63,broken clouds,2022-07-28 03:50:43
318,Grindavik,IS,63.8424,-22.4338,283.12,93,75,10.29,light intensity drizzle,2022-07-28 03:46:25
319,Taybad,IR,34.74,60.7756,303.55,23,63,9.47,broken clouds,2022-07-28 03:50:44
320,Chandrakona,IN,22.7333,87.5167,305.85,57,96,2.63,overcast clouds,2022-07-28 03:50:45
321,Iqaluit,CA,63.7506,-68.5145,282.0,81,75,0.0,broken clouds,2022-07-28 03:49:01
322,Chapais,CA,49.7834,-74.8492,292.03,93,100,1.53,overcast clouds,2022-07-28 03:50:45
323,Mareeba,AU,-17.0,145.4333,296.73,65,3,3.31,clear sky,2022-07-28 03:50:46
324,Husavik,IS,66.0449,-17.3389,284.31,82,25,4.33,scattered clouds,2022-07-28 03:50:46
325,Gazli,UZ,40.1333,63.45,305.85,20,43,7.76,scattered clouds,2022-07-28 03:50:46
326,Songjianghe,CN,42.1859,127.479,302.28,43,99,2.63,overcast clouds,2022-07-28 03:50:47
327,Bairiki,KI,1.3292,172.9752,303.15,70,40,6.17,scattered clouds,2022-07-28 03:50:47
328,Gannan,CN,47.9147,123.5031,295.76,82,100,0.84,light rain,2022-07-28 03:50:48
329,Coihaique,CL,-45.5752,-72.0662,277.49,65,0,1.54,clear sky,2022-07-28 03:49:02
330,Kattivakkam,IN,13.2167,80.3167,304.2,81,58,2.38,broken clouds,2022-07-28 03:50:48
331,Koygorodok,RU,60.445,50.9968,291.96,54,6,1.66,clear sky,2022-07-28 03:50:49
332,Elko,US,41.0002,-115.5012,305.16,11,90,4.02,overcast clouds,2022-07-28 03:50:49
333,Pisco,PE,-13.7,-76.2167,288.18,82,20,1.54,few clouds,2022-07-28 03:50:36
334,Sisimiut,GL,66.9395,-53.6735,278.18,93,47,0.5,scattered clouds,2022-07-28 03:50:50
335,Pasco,US,28.292,-82.4165,300.16,79,10,3.07,clear sky,2022-07-28 03:50:50
336,Yashan,CN,22.1975,109.9419,306.56,54,56,1.96,broken clouds,2022-07-28 03:50:50
337,Gikongoro,RW,-2.464,29.5739,289.34,68,92,1.09,overcast clouds,2022-07-28 03:50:51
338,Trinidad,BO,-14.8333,-64.9,296.97,47,10,1.58,clear sky,2022-07-28 03:48:55
339,Yeppoon,AU,-23.1333,150.7333,293.03,49,0,3.32,clear sky,2022-07-28 03:50:51
340,Mount Gambier,AU,-37.8333,140.7667,284.05,74,97,3.55,overcast clouds,2022-07-28 03:47:30
341,Tallahassee,US,30.4383,-84.2807,298.33,93,36,1.68,scattered clouds,2022-07-28 03:47:03
342,Jiexiu,CN,37.0244,111.9125,300.09,48,0,2.72,clear sky,2022-07-28 03:50:53
343,Evanston,US,42.0411,-87.6901,297.25,72,0,2.57,clear sky,2022-07-28 03:47:55
344,Gilroy,US,37.0058,-121.5683,295.07,68,0,4.12,clear sky,2022-07-28 03:49:38
345,Keskin,TR,39.6731,33.6136,290.41,52,0,1.97,clear sky,2022-07-28 03:50:53
346,Sarangani,PH,5.4033,125.4636,301.75,74,81,3.53,broken clouds,2022-07-28 03:50:54
347,Avera,US,33.194,-82.5271,300.68,62,59,3.32,broken clouds,2022-07-28 03:50:55
348,Verkhoyansk,RU,67.5447,133.385,301.87,38,77,1.47,broken clouds,2022-07-28 03:50:55
349,Cabo San Lucas,MX,22.8909,-109.9124,303.43,71,44,4.6,scattered clouds,2022-07-28 03:49:22
350,Wattegama,LK,6.7989,81.4808,302.65,62,86,0.14,moderate rain,2022-07-28 03:50:56
351,San Pedro,PH,14.35,121.0167,304.41,71,75,6.17,broken clouds,2022-07-28 03:50:57
352,Byron Bay,AU,-28.65,153.6167,292.56,51,0,2.89,clear sky,2022-07-28 03:47:16
353,Buchanan,LR,5.8808,-10.0467,296.74,85,100,4.34,light rain,2022-07-28 03:50:57
354,Sorong,ID,-0.8833,131.25,301.0,79,28,1.95,scattered clouds,2022-07-28 03:50:58
355,Ishigaki,JP,24.3448,124.1572,306.22,66,40,5.66,scattered clouds,2022-07-28 03:50:58
356,Tottori,JP,35.5,134.2333,303.19,79,40,4.63,scattered clouds,2022-07-28 03:49:20
357,Kyzyl-Suu,KG,42.3414,78.0056,297.7,41,58,2.71,broken clouds,2022-07-28 03:50:59
358,Dhandhuka,IN,22.3667,71.9833,301.98,70,91,3.42,overcast clouds,2022-07-28 03:52:00
359,Brainerd,US,46.358,-94.2008,292.16,63,0,4.12,clear sky,2022-07-28 03:52:00
360,Caravelas,BR,-17.7125,-39.2481,292.81,86,32,0.72,scattered clouds,2022-07-28 03:52:01
361,Markdale,CA,44.3168,-80.6497,293.79,98,10,3.41,moderate rain,2022-07-28 03:52:01
362,Juneau,US,58.3019,-134.4197,290.15,98,100,2.06,light rain,2022-07-28 03:49:11
363,Puerto Quijarro,BO,-17.7833,-57.7667,294.75,41,0,0.39,clear sky,2022-07-28 03:52:02
364,Rovaniemi,FI,66.5,25.7167,284.82,76,0,3.09,clear sky,2022-07-28 03:52:02
365,Leningradskiy,RU,69.3833,178.4167,277.07,79,95,3.38,overcast clouds,2022-07-28 03:52:03
366,Rocha,UY,-34.4833,-54.3333,291.16,95,100,3.66,overcast clouds,2022-07-28 03:49:47
367,Faanui,PF,-16.4833,-151.75,299.04,76,14,11.35,light rain,2022-07-28 03:52:04
368,Umm Kaddadah,SD,13.6017,26.6876,298.4,67,99,2.95,overcast clouds,2022-07-28 03:52:04
369,Demirci,TR,39.0461,28.6589,294.39,35,0,2.79,clear sky,2022-07-28 03:52:05
370,Vanimo,PG,-2.6741,141.3028,302.49,70,64,4.41,broken clouds,2022-07-28 03:52:05
371,Shimoda,JP,34.6667,138.95,303.35,75,78,3.67,broken clouds,2022-07-28 03:52:06
372,Lamu,KE,-2.2717,40.902,295.27,81,75,5.4,light rain,2022-07-28 03:52:06
373,Sumbe,AO,-11.2061,13.8437,292.35,90,93,1.21,overcast clouds,2022-07-28 03:52:07
374,Fria,GN,10.4167,-13.5833,294.94,98,100,0.47,light rain,2022-07-28 03:52:07
375,Eyl,SO,7.9803,49.8164,298.5,60,78,10.06,broken clouds,2022-07-28 03:52:08
376,Ferrol,ES,43.4832,-8.2369,290.77,90,72,0.45,broken clouds,2022-07-28 03:52:09
377,Mogadishu,SO,2.0371,45.3438,297.7,78,68,6.66,broken clouds,2022-07-28 03:47:54
378,Chernyshevskiy,RU,63.0128,112.4714,303.88,45,2,4.83,clear sky,2022-07-28 03:52:10
379,Omboue,GA,-1.5746,9.2618,294.74,88,46,2.62,scattered clouds,2022-07-28 03:52:10
380,Almaznyy,RU,48.0448,40.045,295.94,59,1,2.88,clear sky,2022-07-28 03:52:11
381,Bella Union,UY,-30.2752,-57.6007,292.44,86,21,1.13,few clouds,2022-07-28 03:52:11
382,Fairbanks,US,64.8378,-147.7164,289.6,60,75,6.17,broken clouds,2022-07-28 03:50:02
383,Port Macquarie,AU,-31.4333,152.9167,291.98,48,0,2.92,clear sky,2022-07-28 03:52:04
384,Pak Chong,TH,14.708,101.4161,305.49,65,38,1.08,scattered clouds,2022-07-28 03:52:13
385,Aykhal,RU,66.0,111.5,301.55,55,22,5.59,few clouds,2022-07-28 03:52:14
386,Murgab,TM,37.4966,61.9714,300.08,44,0,4.12,clear sky,2022-07-28 03:52:15
387,Kubinka,RU,55.5839,36.69,295.15,91,26,1.57,scattered clouds,2022-07-28 03:52:15
388,Awjilah,LY,29.1081,21.2869,299.43,50,0,3.29,clear sky,2022-07-28 03:52:16
389,Isla Mujeres,MX,21.2311,-86.731,301.02,85,8,5.94,clear sky,2022-07-28 03:52:16
390,Maragogi,BR,-9.0122,-35.2225,295.07,89,56,2.16,broken clouds,2022-07-28 03:52:16
391,Tilichiki,RU,60.4667,166.1,283.02,64,100,6.84,overcast clouds,2022-07-28 03:52:17
392,Wheatley,GB,51.7473,-1.1394,288.9,76,100,2.48,overcast clouds,2022-07-28 03:52:17
393,Barra Do Garcas,BR,-15.89,-52.2567,292.49,39,0,1.45,clear sky,2022-07-28 03:50:04
394,Cody,US,44.5263,-109.0565,296.27,44,100,3.09,overcast clouds,2022-07-28 03:51:15
395,Kashi,CN,39.4547,75.9797,304.71,19,2,4.0,dust,2022-07-28 03:52:18
396,Barcelos,PT,41.5388,-8.6151,290.29,75,3,1.2,clear sky,2022-07-28 03:52:19
397,Sogne,NO,58.0833,7.8167,283.54,88,53,3.05,broken clouds,2022-07-28 03:52:19
398,Mackay,AU,-21.15,149.2,296.31,52,0,6.86,clear sky,2022-07-28 03:52:20
399,Locri,IT,38.2414,16.2623,298.88,67,0,3.83,clear sky,2022-07-28 03:52:20
400,Kyra,RU,49.5776,111.9753,292.0,54,100,1.81,overcast clouds,2022-07-28 03:50:05
401,Kassala,SD,15.451,36.4,297.11,82,95,5.37,overcast clouds,2022-07-28 03:51:57
402,Mezen,RU,65.8522,44.24,292.29,87,71,3.72,broken clouds,2022-07-28 03:50:11
403,Acajutla,SV,13.5928,-89.8275,299.03,84,84,0.67,light rain,2022-07-28 03:52:21
404,Chiredzi,ZW,-21.05,31.6667,285.22,69,0,1.17,clear sky,2022-07-28 03:52:22
405,Qiongshan,CN,20.0058,110.3542,305.14,66,40,2.0,scattered clouds,2022-07-28 03:52:22
406,Kati,ML,12.7441,-8.0726,296.82,89,64,2.42,broken clouds,2022-07-28 03:52:23
407,Novorudnyy,RU,51.5026,58.1873,291.64,67,8,4.61,clear sky,2022-07-28 03:53:23
408,Zhongxing,CN,33.7039,118.6792,305.94,64,56,2.39,broken clouds,2022-07-28 03:53:24
409,Kieta,PG,-6.2167,155.6333,302.73,66,8,3.55,clear sky,2022-07-28 03:53:24
410,Tupancireta,BR,-29.0806,-53.8358,289.35,90,96,2.93,overcast clouds,2022-07-28 03:53:24
411,Kostino,RU,58.9097,53.2691,291.12,61,8,1.59,clear sky,2022-07-28 03:53:25
412,Athabasca,CA,54.7169,-113.2854,297.38,72,15,3.14,few clouds,2022-07-28 03:49:09
413,San Andres,CO,12.5847,-81.7006,301.16,100,40,3.6,scattered clouds,2022-07-28 03:53:26
414,Kavaratti,IN,10.5669,72.642,299.01,87,100,7.81,moderate rain,2022-07-28 03:53:26
415,Robertsport,LR,6.7533,-11.3686,297.57,85,96,5.3,light rain,2022-07-28 03:53:26
416,Imeni Poliny Osipenko,RU,52.4201,136.4853,298.85,62,100,2.48,overcast clouds,2022-07-28 03:53:27
417,Alice Springs,AU,-23.7,133.8833,293.83,32,1,4.63,clear sky,2022-07-28 03:50:10
418,Berlevag,NO,70.8578,29.0864,283.15,93,100,11.83,overcast clouds,2022-07-28 03:53:27
419,Alpena,US,45.0617,-83.4327,291.33,97,0,0.0,clear sky,2022-07-28 03:53:28
420,Pitogo,PH,13.7847,122.0881,303.85,68,100,4.04,overcast clouds,2022-07-28 03:53:28
421,Maxixe,MZ,-23.8597,35.3472,287.05,94,40,0.0,scattered clouds,2022-07-28 03:53:28
422,Puerto Baquerizo Moreno,EC,-0.9,-89.6,294.21,87,99,6.12,overcast clouds,2022-07-28 03:52:41
423,Laukaa,RU,58.7372,29.8453,286.52,85,0,1.48,clear sky,2022-07-28 03:53:29
424,Lorengau,PG,-2.0226,147.2712,301.99,75,45,5.72,scattered clouds,2022-07-28 03:53:29
425,Aksu,CN,41.1231,80.2644,308.5,15,6,3.56,clear sky,2022-07-28 03:53:30
426,Kingman,US,35.1894,-114.053,300.86,47,84,2.73,broken clouds,2022-07-28 03:53:30
427,Khanewal,PK,30.3,71.9333,308.41,52,68,2.29,broken clouds,2022-07-28 03:53:31
428,Guerrero Negro,MX,27.9769,-114.0611,293.45,83,67,6.61,broken clouds,2022-07-28 03:51:06
429,Marsa Matruh,EG,31.3525,27.2453,298.1,67,0,2.16,clear sky,2022-07-28 03:53:31
430,Antalaha,MG,-14.9003,50.2788,293.35,91,99,2.26,light rain,2022-07-28 03:53:32
431,Suileng,CN,47.25,127.0833,305.15,45,100,5.54,light rain,2022-07-28 03:53:32
432,Elat,IL,29.5581,34.9482,300.06,32,0,5.14,clear sky,2022-07-28 03:53:33
433,Lavrentiya,RU,65.5833,-171.0,278.6,83,100,3.05,overcast clouds,2022-07-28 03:53:33
434,Rio Gallegos,AR,-51.6226,-69.2181,275.18,69,0,6.69,clear sky,2022-07-28 03:51:34
435,Havoysund,NO,70.9963,24.6622,282.28,87,100,9.23,light rain,2022-07-28 03:53:34
436,Pachora,IN,20.6667,75.35,300.7,74,97,3.14,overcast clouds,2022-07-28 03:53:34
437,Seoul,KR,37.5683,126.9778,305.81,54,20,2.57,few clouds,2022-07-28 03:49:26
438,Payo,ID,-3.7508,103.6372,301.56,70,99,2.29,overcast clouds,2022-07-28 03:53:35
439,Bathsheba,BB,13.2167,-59.5167,300.49,86,40,8.75,scattered clouds,2022-07-28 03:53:35
440,Lasa,IT,46.6166,10.7002,286.87,92,75,1.03,broken clouds,2022-07-28 03:52:41
441,Zhezkazgan,KZ,47.8043,67.7144,299.14,47,0,4.0,clear sky,2022-07-28 03:53:36
442,Rio Bueno,CL,-40.3167,-72.9667,278.21,99,52,0.89,broken clouds,2022-07-28 03:53:36
443,Nabire,ID,-3.3667,135.4833,301.84,75,22,0.95,few clouds,2022-07-28 03:53:36
444,Yalta,UA,44.5,34.1667,297.07,58,0,1.91,clear sky,2022-07-28 03:53:37
445,Starodub,RU,52.5844,32.7633,288.51,95,74,4.02,broken clouds,2022-07-28 03:53:37
446,Comodoro Rivadavia,AR,-45.8667,-67.5,280.07,45,0,7.2,clear sky,2022-07-28 03:53:38
447,Maceio,BR,-9.6658,-35.7353,295.84,88,40,2.06,scattered clouds,2022-07-28 03:50:01
448,Upata,VE,8.0086,-62.3989,294.17,95,1,1.52,clear sky,2022-07-28 03:50:53
449,Puerto Del Rosario,ES,28.5004,-13.8627,296.01,73,75,8.23,broken clouds,2022-07-28 03:53:39
450,College,US,64.8569,-147.8028,289.59,60,75,6.17,broken clouds,2022-07-28 03:53:40
451,Ahuimanu,US,21.4447,-157.8378,301.9,66,0,4.12,clear sky,2022-07-28 03:53:40
452,Kenora,CA,49.8167,-94.4337,288.69,82,75,5.14,broken clouds,2022-07-28 03:54:40
453,Mendoza,AR,-32.8908,-68.8272,281.89,81,75,0.0,broken clouds,2022-07-28 03:54:41
454,Sohag,EG,26.557,31.6948,302.29,20,26,2.82,scattered clouds,2022-07-28 03:54:41
455,Ourossogui,SN,15.6064,-13.3211,302.15,70,0,6.17,clear sky,2022-07-28 03:54:42
456,Mitsamiouli,KM,-11.3847,43.2844,297.31,64,20,3.6,few clouds,2022-07-28 03:54:42
457,Ekangala,ZA,-25.6962,28.7492,282.82,55,23,3.72,few clouds,2022-07-28 03:54:42
458,El Seibo,DO,18.7641,-69.0375,296.29,89,0,2.89,clear sky,2022-07-28 03:54:43
459,Bandarbeyla,SO,9.4942,50.8122,299.07,62,98,11.94,overcast clouds,2022-07-28 03:54:44
460,San Ramon,US,37.7799,-121.978,294.79,69,4,2.48,clear sky,2022-07-28 03:54:44
461,Narsaq,GL,60.9167,-46.05,277.78,85,15,0.77,few clouds,2022-07-28 03:54:45
462,Luderitz,NA,-26.6481,15.1594,285.3,75,0,1.04,clear sky,2022-07-28 03:54:46
463,The Valley,AI,18.217,-63.0578,300.43,69,1,8.77,clear sky,2022-07-28 03:54:46
464,Pangnirtung,CA,66.1451,-65.7125,285.42,69,100,0.56,overcast clouds,2022-07-28 03:49:59
465,Vrangel,RU,42.7297,133.0839,296.19,86,45,1.76,scattered clouds,2022-07-28 03:54:47
466,Camalu,MX,30.85,-116.0667,292.57,87,16,3.18,few clouds,2022-07-28 03:54:47
467,Bintulu,MY,3.1667,113.0333,303.38,70,40,1.54,scattered clouds,2022-07-28 03:54:47
468,Lake City,US,30.1897,-82.6393,298.59,78,43,1.9,scattered clouds,2022-07-28 03:51:17
469,Isabela,PH,6.7085,121.9711,302.18,60,83,1.39,broken clouds,2022-07-28 03:54:48
470,Zhigansk,RU,66.7697,123.3711,299.27,47,27,2.01,scattered clouds,2022-07-28 03:52:52
471,Lisakovsk,KZ,52.5369,62.4936,292.22,58,54,6.84,broken clouds,2022-07-28 03:54:49
472,Brechin,GB,56.7299,-2.6573,286.96,90,100,2.57,overcast clouds,2022-07-28 03:54:49
473,Acapulco,MX,16.8634,-99.8901,298.66,86,98,2.12,overcast clouds,2022-07-28 03:54:49
474,Kanganpur,PK,30.7663,74.1231,305.85,60,70,4.39,broken clouds,2022-07-28 03:54:50
475,Mitla,MX,16.9167,-96.4,288.94,92,79,2.1,broken clouds,2022-07-28 03:54:50
476,Mao,ES,39.8885,4.2658,295.46,78,0,0.0,clear sky,2022-07-28 03:52:56
477,Kitami,JP,43.8031,143.8908,293.85,79,80,3.28,broken clouds,2022-07-28 03:54:51
478,Potchefstroom,ZA,-26.7167,27.1,283.32,71,10,3.03,clear sky,2022-07-28 03:54:52
479,Terney,RU,45.0503,136.6092,295.22,81,49,2.77,scattered clouds,2022-07-28 03:54:52
480,Mahina,PF,-17.5065,-149.489,300.02,65,20,0.51,light rain,2022-07-28 03:54:52
481,Aksay,RU,47.26,39.87,294.4,69,0,2.24,clear sky,2022-07-28 03:54:53
482,Deputatskiy,RU,69.3,139.9,290.7,40,88,2.95,overcast clouds,2022-07-28 03:54:54
483,Carros,FR,43.7894,7.184,296.99,71,20,2.06,few clouds,2022-07-28 03:54:54
484,Fortuna,US,40.5982,-124.1573,288.11,85,7,2.13,clear sky,2022-07-28 03:54:55
485,Beinamar,TD,8.6698,15.3813,293.66,95,100,1.24,overcast clouds,2022-07-28 03:54:55
486,Beidao,CN,34.5686,105.8933,303.51,35,0,1.1,clear sky,2022-07-28 03:54:55
487,Jalu,LY,29.0331,21.5482,299.48,48,0,2.77,clear sky,2022-07-28 03:54:56
488,Lhokseumawe,ID,5.1801,97.1507,302.19,68,99,0.58,overcast clouds,2022-07-28 03:54:56
489,Guaruja,BR,-23.9931,-46.2564,292.52,81,7,1.49,clear sky,2022-07-28 03:54:57
490,Nehe,CN,48.4833,124.8333,295.21,90,100,2.54,heavy intensity rain,2022-07-28 03:54:57
491,Balykshi,KZ,47.0667,51.8667,295.15,83,75,6.0,light intensity shower rain,2022-07-28 03:54:57
492,Melo,UY,-32.3667,-54.1833,290.7,96,100,3.11,overcast clouds,2022-07-28 03:54:58
493,Ossora,RU,59.2353,163.0719,286.06,72,100,3.19,overcast clouds,2022-07-28 03:54:59
494,Kalmthout,BE,51.3846,4.4742,286.94,79,100,3.6,overcast clouds,2022-07-28 03:54:59
495,Saint-Augustin,CA,51.226,-58.6502,286.66,89,58,4.02,broken clouds,2022-07-28 03:55:00
496,Guilin,CN,25.2819,110.2864,306.21,51,100,2.67,overcast clouds,2022-07-28 03:55:01
497,Safaga,EG,26.7292,33.9365,303.38,34,46,3.37,scattered clouds,2022-07-28 03:55:01
498,Sola,VU,-13.8833,167.55,300.52,83,100,0.0,overcast clouds,2022-07-28 03:56:01
499,Nador,MA,35.174,-2.9287,295.29,53,0,1.03,clear sky,2022-07-28 03:56:02
500,Gijon,ES,43.5357,-5.6615,289.96,89,8,0.89,clear sky,2022-07-28 03:53:57
501,Port Lincoln,AU,-34.7333,135.8667,288.53,64,17,3.13,few clouds,2022-07-28 03:56:03
502,Ust-Kuyga,RU,70.0167,135.6,300.48,41,51,1.12,broken clouds,2022-07-28 03:56:03
503,Mangrol,IN,21.1167,70.1167,301.31,75,100,3.2,overcast clouds,2022-07-28 03:56:03
504,Saumur,FR,47.3333,-0.25,289.28,74,100,2.56,overcast clouds,2022-07-28 03:56:04
505,Moranbah,AU,-22.0016,148.0466,292.51,31,0,6.85,clear sky,2022-07-28 03:56:05
506,Charters Towers,AU,-20.1,146.2667,294.89,23,0,4.05,clear sky,2022-07-28 03:52:30
507,Kargasok,RU,59.0556,80.8572,293.9,74,45,4.91,scattered clouds,2022-07-28 03:56:05
508,Itacoatiara,BR,-3.1431,-58.4442,297.33,77,3,1.14,clear sky,2022-07-28 03:56:06
509,Xining,CN,36.6167,101.7667,296.93,36,3,1.03,clear sky,2022-07-28 03:56:06
510,Port Hueneme,US,34.1478,-119.1951,298.29,87,75,4.12,broken clouds,2022-07-28 03:56:07
511,Arlit,NE,18.7369,7.3853,302.83,50,84,9.09,broken clouds,2022-07-28 03:56:08
512,Jurm,AF,36.8648,70.8342,302.13,27,1,1.28,clear sky,2022-07-28 03:56:08
513,Hay River,CA,60.8156,-115.7999,291.14,82,40,2.57,smoke,2022-07-28 03:51:29
514,Weligama,LK,5.9667,80.4167,300.46,77,91,3.88,overcast clouds,2022-07-28 03:56:09
515,Sembe,CG,1.6481,14.5806,293.93,93,85,0.97,overcast clouds,2022-07-28 03:56:09
516,Rye,US,40.9807,-73.6837,298.74,84,100,2.69,overcast clouds,2022-07-28 03:56:10
517,Sinnamary,GF,5.3833,-52.95,297.83,88,96,2.38,overcast clouds,2022-07-28 03:56:10
518,Ibra,OM,22.6906,58.5334,298.61,70,86,3.38,overcast clouds,2022-07-28 03:56:11
519,Novyy Urengoy,RU,66.0833,76.6333,288.87,56,3,5.7,clear sky,2022-07-28 03:56:11
520,Kirakira,SB,-10.4544,161.9205,301.2,76,100,4.37,overcast clouds,2022-07-28 03:56:12
521,Pemangkat,ID,1.1667,108.9667,303.21,63,52,1.24,broken clouds,2022-07-28 03:56:12
522,Porto Santo,PT,33.072,-16.3415,294.36,83,40,6.17,scattered clouds,2022-07-28 03:56:13
523,Karaton,ID,-6.3424,106.1045,300.53,65,96,2.86,overcast clouds,2022-07-28 03:56:13
524,Berea,US,41.3662,-81.8543,297.0,91,85,0.45,overcast clouds,2022-07-28 03:52:57
525,Balsas,BR,-7.5325,-46.0356,298.85,39,58,0.92,broken clouds,2022-07-28 03:54:28
526,Talaya,RU,61.3833,152.75,291.07,34,49,3.64,scattered clouds,2022-07-28 03:56:14
527,Karratha,AU,-20.7377,116.8463,299.74,36,0,8.11,clear sky,2022-07-28 03:55:09
528,Ferkessedougou,CI,9.6,-5.2,295.01,91,95,3.26,overcast clouds,2022-07-28 03:56:15
529,Nileshwar,IN,12.25,75.1,300.49,79,38,1.65,scattered clouds,2022-07-28 03:56:15
530,Lahad Datu,MY,5.0268,118.327,303.7,64,29,2.63,scattered clouds,2022-07-28 03:56:16
531,Campos Gerais,BR,-21.235,-45.7586,287.71,60,6,0.96,clear sky,2022-07-28 03:56:16
532,Xiuyan,CN,40.2928,123.2744,297.73,89,100,5.32,overcast clouds,2022-07-28 03:56:16
533,Tessalit,ML,20.1986,1.0114,306.58,23,67,4.71,broken clouds,2022-07-28 03:56:17
534,Lac Du Bonnet,CA,50.2536,-96.0612,285.82,95,100,3.45,moderate rain,2022-07-28 03:56:20
535,Ojinaga,MX,29.5667,-104.4167,303.68,48,40,5.14,scattered clouds,2022-07-28 03:56:21
536,Bayan,CN,46.0833,127.4,304.77,52,100,2.44,overcast clouds,2022-07-28 03:56:21
537,Alta Floresta,BR,-9.8756,-56.0861,293.17,46,0,1.18,clear sky,2022-07-28 03:56:21
538,Altar,MX,30.7,-111.8167,304.92,43,5,4.59,clear sky,2022-07-28 03:56:22
539,Vila Velha,BR,-20.3297,-40.2925,292.01,89,20,0.51,few clouds,2022-07-28 03:56:22
540,Mollendo,PE,-17.0231,-72.0147,287.95,85,65,3.76,broken clouds,2022-07-28 03:56:23
541,Ruidoso,US,33.3317,-105.673,293.13,74,32,2.06,scattered clouds,2022-07-28 03:56:23
542,Arroyo,ES,41.6096,-4.7969,289.34,79,0,2.57,clear sky,2022-07-28 03:56:24
543,Anadyr,RU,64.75,177.4833,282.43,87,75,10.0,broken clouds,2022-07-28 03:56:24
544,Hofn,IS,64.2539,-15.2082,284.64,98,100,8.49,overcast clouds,2022-07-28 03:56:25
545,Marfino,RU,55.7028,37.3822,295.29,78,0,3.0,clear sky,2022-07-28 03:57:25
546,Roald,NO,62.5833,6.1333,283.01,93,91,2.57,overcast clouds,2022-07-28 03:57:25
547,Cortes,ES,41.9395,-1.4396,293.18,70,42,3.5,scattered clouds,2022-07-28 03:57:26
